id,lng,lat,name,addr,boro,zip,activepod,status,opening,wait,updated,labelpos,lnk
Q435,-73.73874864,40.73305173,Q435 - Martin Van Buren High School,230-17 Hillside Avenue,Queens,11427,1,Inactive,null,null,,E,https://www1.nyc.gov/site/doh/health/emergency-preparedness/emergency-medication-distribution.page
Q430,-73.79282862,40.74071173,Q430 - Francis Lewis High School,58-20 Utopia Parkway,Queens,11365,1,Inactive,null,null,,E,https://www1.nyc.gov/site/doh/health/emergency-preparedness/emergency-medication-distribution.page
Q067,-73.73368864,40.76269172,Q067 - J.H.S. 67 Louis Pasteur,51-60 Marathon Parkway,Queens,11362,1,Inactive,null,null,,E,https://www1.nyc.gov/site/doh/health/emergency-preparedness/emergency-medication-distribution.page
Q025,-73.79007862,40.76512173,Q025 - I.S. 25 Adrien Block,34-65 192nd Street,Queens,11358,1,Inactive,null,null,,E,https://www1.nyc.gov/site/doh/health/emergency-preparedness/emergency-medication-distribution.page
Q415,-73.75598863,40.75232173,Q415 - Benjamin N. Cardozo High School,57-00 223rd Street,Queens,11364,1,Inactive,null,null,,E,https://www1.nyc.gov/site/doh/health/emergency-preparedness/emergency-medication-distribution.page
Q405,-73.78017862,40.77152172,Q405 - Bayside High School,32-42 Corporal Kennedy Street,Queens,11361,1,Inactive,null,null,,E,https://www1.nyc.gov/site/doh/health/emergency-preparedness/emergency-medication-distribution.page
Q053,-73.74909864,40.60360176,Q053 - M.S. 53 Brian Piccolo,10-45 Nameoke Street,Queens,11691,1,Inactive,null,null,,E,https://www1.nyc.gov/site/doh/health/emergency-preparedness/emergency-medication-distribution.page
Q138,-73.73517864,40.65971174,Q138 - P.S. 138 The Sunrise School,251-11 Weller Avenue,Queens,11422,1,Open to Public,null,null,,E,https://www1.nyc.gov/site/doh/health/emergency-preparedness/emergency-medication-distribution.page
Q420,-73.75683863,40.66822174,Q420 - Springfield Gardens Educational Campus,143-10 Springfield Boulevard,Queens,11413,1,Inactive,null,null,,E,https://www1.nyc.gov/site/doh/health/emergency-preparedness/emergency-medication-distribution.page
Q400,-73.78333863,40.67562174,Q400 - August Martin High School,156-10 Baisley Boulevard,Queens,11434,1,Demobilizing,null,null,,E,https://www1.nyc.gov/site/doh/health/emergency-preparedness/emergency-medication-distribution.page
Q036,-73.76390863,40.69081174,Q036 - P.S. 36 Saint Albans,187-01 Foch Boulevard,Queens,11412,1,Inactive,null,null,,E,https://www1.nyc.gov/site/doh/health/emergency-preparedness/emergency-medication-distribution.page
Q109,-73.74699863,40.72070173,Q109 - I.S. 109 Jean Nuzzi,213-10 92nd Avenue,Queens,11428,1,Inactive,null,null,,E,https://www1.nyc.gov/site/doh/health/emergency-preparedness/emergency-medication-distribution.page
Q238,-73.78046862,40.71308174,Q238 - I.S. 238 Susan B. Anthony,88-15 182nd Street,Queens,11423,1,Inactive,null,null,,E,https://www1.nyc.gov/site/doh/health/emergency-preparedness/emergency-medication-distribution.page
Q214,-73.8286186,40.77037173,Q214 - P.S. 214 Cadwallader Colden,31-15 140th Street,Queens,11354,1,Inactive,null,null,,E,https://www1.nyc.gov/site/doh/health/emergency-preparedness/emergency-medication-distribution.page
Q185,-73.81934861,40.77524172,Q185 - J.H.S. 185 Edward Bleeker,147-26 25th Drive,Queens,11354,1,Inactive,null,null,,E,https://www1.nyc.gov/site/doh/health/emergency-preparedness/emergency-medication-distribution.page
X455,-73.8339086,40.87415171,X455 - Harry S. Truman High School,750 Baychester Avenue,Bronx,10475,1,Inactive,null,null,,E,https://www1.nyc.gov/site/doh/health/emergency-preparedness/emergency-medication-distribution.page
X405,-73.8385386,40.84069171,X405 - Herbert Lehman High School,3000 East Tremont Avenue,Bronx,10461,1,Inactive,null,null,,E,https://www1.nyc.gov/site/doh/health/emergency-preparedness/emergency-medication-distribution.page
X144,-73.8360686,40.86372171,X144 - J.H.S. 144 Michelangelo,2545 Gunther Avenue,Bronx,10469,1,Inactive,null,null,,E,https://www1.nyc.gov/site/doh/health/emergency-preparedness/emergency-medication-distribution.page
X192,-73.8184086,40.82651171,X192 - I.S. 192 Piagentini-Jones,650 Hollywood Avenue,Bronx,10465,1,Inactive,null,null,,E,https://www1.nyc.gov/site/doh/health/emergency-preparedness/emergency-medication-distribution.page
X362,-73.85268859,40.8878217,X362 - I.S. / H.S. 362 ,921 East 228th Street,Bronx,10466,1,Inactive,null,null,,E,https://www1.nyc.gov/site/doh/health/emergency-preparedness/emergency-medication-distribution.page
Q505,-73.80165862,40.70943174,Q505 - Hillcrest High School,160-05 Highland Avenue,Queens,11432,1,Inactive,null,null,,E,https://www1.nyc.gov/site/doh/health/emergency-preparedness/emergency-medication-distribution.page
Q117,-73.81337861,40.70945174,Q117 - P.S. 117 J. Keld / Briarwood School,85-15 143rd Street,Queens,11435,1,Inactive,null,null,,N,https://www1.nyc.gov/site/doh/health/emergency-preparedness/emergency-medication-distribution.page
Q440,-73.8456386,40.72938173,Q440 - Forest Hills High School,67-01 110th Street,Queens,11375,1,Inactive,null,null,,E,https://www1.nyc.gov/site/doh/health/emergency-preparedness/emergency-medication-distribution.page
Q425,-73.82493861,40.73812173,Q425 - John Bowne High School,63-25 Main Street,Queens,11367,1,Inactive,null,null,,E,https://www1.nyc.gov/site/doh/health/emergency-preparedness/emergency-medication-distribution.page
Q020,-73.82482861,40.75867173,Q020 - PS 20 John Bowne,142-30 Barclay Avenue,Queens,11355,1,Inactive,null,null,,E,https://www1.nyc.gov/site/doh/health/emergency-preparedness/emergency-medication-distribution.page
Q237,-73.82206861,40.74953173,Q237 - I.S. 237 Rachel Carson Intermediate School,46-21 Colden Street,Queens,11355,1,Inactive,null,null,,E,https://www1.nyc.gov/site/doh/health/emergency-preparedness/emergency-medication-distribution.page
Q022,-73.81161861,40.76127173,Q022 - P.S. 22 Thomas Jefferson,153-55 Sanford Ave,Queens,11355,1,Inactive,null,null,,E,https://www1.nyc.gov/site/doh/health/emergency-preparedness/emergency-medication-distribution.page
Q410,-73.82261862,40.58605176,Q410 - Beach Channel Educational Campus,100-00 Beach Channel Drive,Queens,11694,1,Inactive,null,null,,E,https://www1.nyc.gov/site/doh/health/emergency-preparedness/emergency-medication-distribution.page
Q226,-73.81693861,40.67575174,Q226 - I.S. 226 Virgil I. Grissom ,121-10 Rockaway Boulevard,Queens,11420,1,Inactive,null,null,,E,https://www1.nyc.gov/site/doh/health/emergency-preparedness/emergency-medication-distribution.page
Q480,-73.83834861,40.67979174,Q480 - John Adams High School,101-01 Rockaway Boulevard,Queens,11417,1,Inactive,null,null,,E,https://www1.nyc.gov/site/doh/health/emergency-preparedness/emergency-medication-distribution.page
Q121,-73.81582861,40.68403174,Q121 - P.S. 121,126-10 109th Avenue,Queens,11420,1,Inactive,null,null,,E,https://www1.nyc.gov/site/doh/health/emergency-preparedness/emergency-medication-distribution.page
Q210,-73.8474686,40.68384174,Q210 - I.S. 210 Elizabeth Blackwell,93-11 101st Avenue,Queens,11416,1,Inactive,null,null,,E,https://www1.nyc.gov/site/doh/health/emergency-preparedness/emergency-medication-distribution.page
Q062,-73.83619861,40.68865174,Q062 - P.S. 62 Chester Park,97-25 108th Street,Queens,11419,1,Inactive,null,null,,E,https://www1.nyc.gov/site/doh/health/emergency-preparedness/emergency-medication-distribution.page
Q060,-73.8526386,40.69216174,Q060 - P.S. 60 Woodhaven,91-02 88th Avenue,Queens,11421,1,Inactive,null,null,,E,https://www1.nyc.gov/site/doh/health/emergency-preparedness/emergency-medication-distribution.page
X127,-73.85351859,40.83791171,X127 - I.S. 127 Castle Hill,1560 Purdy Street,Bronx,10462,1,Inactive,null,null,,E,https://www1.nyc.gov/site/doh/health/emergency-preparedness/emergency-medication-distribution.page
X839,-73.86502859,40.85139171,X839 - Bronx H.S. for the Visual Arts,2040 Antin Place,Bronx,10462,1,Inactive,null,null,,E,https://www1.nyc.gov/site/doh/health/emergency-preparedness/emergency-medication-distribution.page
X167,-73.88045858,40.83929171,X167 - P.S. 214,1970 West Farms Road,Bronx,10460,1,Inactive,null,null,,N,https://www1.nyc.gov/site/doh/health/emergency-preparedness/emergency-medication-distribution.page
X660,-73.88270858,40.85568171,X660 - Grace H. Dodge Vocational High School,2474 Crotona Avenue,Bronx,10458,1,Inactive,null,null,,E,https://www1.nyc.gov/site/doh/health/emergency-preparedness/emergency-medication-distribution.page
X080,-73.88152858,40.87628171,X080 - J.H.S. 80 Mosholu Parkway,149 East Mosholu Parkway North,Bronx,10467,1,Inactive,null,null,,E,https://www1.nyc.gov/site/doh/health/emergency-preparedness/emergency-medication-distribution.page
X113,-73.86089859,40.88086171,X113 - I.S. 113,3710 Barnes Avenue,Bronx,10467,1,Inactive,null,null,,E,https://www1.nyc.gov/site/doh/health/emergency-preparedness/emergency-medication-distribution.page
X103,-73.86145859,40.8921417,X103 - P.S. 103 Hector Fontanez,4125 Carpenter Avenue,Bronx,10466,1,Open to Public,null,null,,E,https://www1.nyc.gov/site/doh/health/emergency-preparedness/emergency-medication-distribution.page
Q005,-73.88742859,40.73770173,Q005 - I.S. 5 Walter Crowley,50-40 Jacobus Street,Queens,11373,1,Inactive,null,null,,E,https://www1.nyc.gov/site/doh/health/emergency-preparedness/emergency-medication-distribution.page
Q061,-73.8633086,40.74265173,Q061 - I.S. 61 Leonardo DaVinci,98-50 50th Avenue,Queens,11368,1,Inactive,null,null,,E,https://www1.nyc.gov/site/doh/health/emergency-preparedness/emergency-medication-distribution.page
Q260,-73.86515859,40.74882173,Q260 - P.S. 307 Pioneer Academy,40-20 100th Street,Queens,11368,1,Inactive,null,null,,E,https://www1.nyc.gov/site/doh/health/emergency-preparedness/emergency-medication-distribution.page
Q145,-73.88710859,40.75464173,Q145 - I.S. 145 Joseph Pulitzer,33-34 80th Street,Queens,11372,1,Inactive,null,null,,E,https://www1.nyc.gov/site/doh/health/emergency-preparedness/emergency-medication-distribution.page
X102,-73.86602859,40.83761171,X102 - P.S. 102 Joseph O Loretan,1827 Archer Street,Bronx,10460,1,Inactive,null,null,,S,https://www1.nyc.gov/site/doh/health/emergency-preparedness/emergency-medication-distribution.page
X450,-73.85616859,40.82227172,X450 - Adlai E. Stevenson High School,1980 Lafayette Avenue,Bronx,10473,1,Inactive,null,null,,E,https://www1.nyc.gov/site/doh/health/emergency-preparedness/emergency-medication-distribution.page
Q227,-73.87446859,40.75839173,Q227 - I.S. 227 Louis Armstrong,32-02 Junction Boulevard,Queens,11369,1,Inactive,null,null,,E,https://www1.nyc.gov/site/doh/health/emergency-preparedness/emergency-medication-distribution.page
K306,-73.88654859,40.65598175,K306 - P.S. 306 Ethan Allen,970 Vermont Street,Brooklyn,11207,1,Inactive,null,null,,E,https://www1.nyc.gov/site/doh/health/emergency-preparedness/emergency-medication-distribution.page
K420,-73.8701886,40.69069174,K420 - Franklin K. Lane High School,999 Jamaica Avenue,Brooklyn,11208,1,Inactive,null,null,,E,https://www1.nyc.gov/site/doh/health/emergency-preparedness/emergency-medication-distribution.page
K302,-73.88342859,40.67709175,K302 - J.H.S. 302 Rafael Cordero,350 Linwood Street,Brooklyn,11208,1,Inactive,null,null,,N,https://www1.nyc.gov/site/doh/health/emergency-preparedness/emergency-medication-distribution.page
K345,-73.88033859,40.67611175,K345 - P.S. 345 Robert Boldon,111 Berriman Street,Brooklyn,11208,1,Inactive,null,null,,E,https://www1.nyc.gov/site/doh/health/emergency-preparedness/emergency-medication-distribution.page
Q686,-73.8570786,40.71141174,Q686 - Queens Metropolitan H.S.,91-30 Metropolitan Avenue,Queens,11375,1,Inactive,null,null,,E,https://www1.nyc.gov/site/doh/health/emergency-preparedness/emergency-medication-distribution.page
Q139,-73.8635786,40.72812174,Q139 - P.S. 139 Rego Park,93-06 63rd Drive,Queens,11374,1,Inactive,null,null,,E,https://www1.nyc.gov/site/doh/health/emergency-preparedness/emergency-medication-distribution.page
Q013,-73.86850859,40.73760173,Q013 - P.S. 13 Clement C Moore,55-01 94th Street,Queens,11373,1,Inactive,null,null,,E,https://www1.nyc.gov/site/doh/health/emergency-preparedness/emergency-medication-distribution.page
X400,-73.90446858,40.82763172,X400 - Morris High School,1110 Boston Road,Bronx,10456,1,Mobilizing,null,null,,N,https://www1.nyc.gov/site/doh/health/emergency-preparedness/emergency-medication-distribution.page
X410,-73.91090857,40.84041172,X410 - William H Taft H.S.,240 East 172nd Street,Bronx,10457,1,Inactive,null,null,,N,https://www1.nyc.gov/site/doh/health/emergency-preparedness/emergency-medication-distribution.page
X147,-73.90474858,40.84086171,X147 - I.S. 313 / I.S. 339 ,1600 Webster Avenue,Bronx,10457,1,Inactive,null,null,,E,https://www1.nyc.gov/site/doh/health/emergency-preparedness/emergency-medication-distribution.page
X079,-73.90344858,40.85486171,X079 - P.S. 79 Creston,125 East 181st Street,Bronx,10453,1,Inactive,null,45,,E,https://www1.nyc.gov/site/doh/health/emergency-preparedness/emergency-medication-distribution.page
X430,-73.89830858,40.87028171,X430 - Walton Educational School,2780 Reservoir Avenue,Bronx,10468,1,Inactive,null,null,,E,https://www1.nyc.gov/site/doh/health/emergency-preparedness/emergency-medication-distribution.page
X435,-73.88826858,40.86003171,X435 - Theodore Roosevelt Educational Campus,500 East Fordham Road,Bronx,10458,1,Inactive,null,null,,E,https://www1.nyc.gov/site/doh/health/emergency-preparedness/emergency-medication-distribution.page
Q012,-73.89279859,40.74262173,Q012 - P.S. 12 James B Colgate,42-00 72nd Street,Queens,11377,1,Inactive,null,null,,E,https://www1.nyc.gov/site/doh/health/emergency-preparedness/emergency-medication-distribution.page
Q073,-73.89361859,40.72920174,Q073 - I.S. 73 Frank Sansiveiri,70-02 54th Avenue,Queens,11378,1,Inactive,null,null,,E,https://www1.nyc.gov/site/doh/health/emergency-preparedness/emergency-medication-distribution.page
X025,-73.90605858,40.81260172,X025 - P.S. 25,811 East 149th Street,Bronx,10455,1,Inactive,null,null,,N,https://www1.nyc.gov/site/doh/health/emergency-preparedness/emergency-medication-distribution.page
Q069,-73.88881859,40.74925173,Q069 - P.S. 69 Jackson Heights,77-02 37th Avenue,Queens,11372,1,Inactive,null,null,,N,https://www1.nyc.gov/site/doh/health/emergency-preparedness/emergency-medication-distribution.page
Q485,-73.90880858,40.71102174,Q485 - Grover Cleveland High School,21-27 Himrod Street,Queens,11385,1,Demobilized,null,null,,E,https://www1.nyc.gov/site/doh/health/emergency-preparedness/emergency-medication-distribution.page
X470,-73.91102858,40.81823172,X470 - South Bronx Educational Campus,701 Saint Ann's Avenue,Bronx,10455,1,Inactive,null,null,,E,https://www1.nyc.gov/site/doh/health/emergency-preparedness/emergency-medication-distribution.page
X116,-73.89389858,40.82243172,X116 - I.S. 116 Rafael Hernandez,977 Fox Street,Bronx,10459,1,Inactive,null,null,,E,https://www1.nyc.gov/site/doh/health/emergency-preparedness/emergency-medication-distribution.page
M143,-73.93094857,40.84889171,M143 - J.H.S. 143 Eleanor Roosevelt,511 West 182nd Street,Manhattan,10033,1,Inactive,null,null,,E,https://www1.nyc.gov/site/doh/health/emergency-preparedness/emergency-medication-distribution.page
X306,-73.91117857,40.85181171,X306 - P.S. 306,40 West Tremont Avenue,Bronx,10453,1,Inactive,null,null,,E,https://www1.nyc.gov/site/doh/health/emergency-preparedness/emergency-medication-distribution.page
X026,-73.91319857,40.85468171,X026 - P.S. 396,1930 Andrews Avenue,Bronx,10453,1,Inactive,null,null,,E,https://www1.nyc.gov/site/doh/health/emergency-preparedness/emergency-medication-distribution.page
M465,-73.92704857,40.85594171,M465 - George Washington High School,549 Audubon Avenue,Manhattan,10040,1,Inactive,null,null,,N,https://www1.nyc.gov/site/doh/health/emergency-preparedness/emergency-medication-distribution.page
X475,-73.91209857,40.87722171,X475 - The Kennedy Campus,99 Terrace View Avenue,Bronx,10463,1,Inactive,null,null,,N,https://www1.nyc.gov/site/doh/health/emergency-preparedness/emergency-medication-distribution.page
X141,-73.91347857,40.88832171,X141 - M.S. / H.S. 141,660 West 237th Street,Bronx,10463,1,Inactive,null,null,,E,https://www1.nyc.gov/site/doh/health/emergency-preparedness/emergency-medication-distribution.page
M052,-73.92482857,40.86604171,M052 - I.S. 52 Inwood,650 Academy Street,Manhattan,10034,1,Inactive,null,null,,E,https://www1.nyc.gov/site/doh/health/emergency-preparedness/emergency-medication-distribution.page
M092,-73.94511856,40.81500172,M092 - P.S. 92 Mary McLeod Bethune,222 West 134th Street,Manhattan,10030,1,Mobilizing,null,null,,N,https://www1.nyc.gov/site/doh/health/emergency-preparedness/emergency-medication-distribution.page
X151,-73.92162857,40.82314172,X151 - I.S. 151 Henry Lou Gehrig,250 East 156th Street,Bronx,10451,1,Inactive,null,null,,E,https://www1.nyc.gov/site/doh/health/emergency-preparedness/emergency-medication-distribution.page
M153,-73.94683856,40.82628172,M153 - P.S. 153 Adam Clayton Powell,1750 Amsterdam Avenue,Manhattan,10031,1,Inactive,null,null,,E,https://www1.nyc.gov/site/doh/health/emergency-preparedness/emergency-medication-distribution.page
X235,-73.92002857,40.83583172,X235 - P.S. 218 Rafael Hernandez Dual Language,1220 Gerard Avenue,Bronx,10452,1,Mobilizing,null,null,,E,https://www1.nyc.gov/site/doh/health/emergency-preparedness/emergency-medication-distribution.page
M028,-73.94213856,40.83121172,M028 - P.S. 28 Wright Brothers,475 West 155th Street,Manhattan,10032,1,Inactive,null,null,,E,https://www1.nyc.gov/site/doh/health/emergency-preparedness/emergency-medication-distribution.page
X166,-73.91766857,40.82868172,X166 - J.H.S. 166 Roberto Clemente,250 East 164th Street,Bronx,10456,1,Inactive,null,null,,N,https://www1.nyc.gov/site/doh/health/emergency-preparedness/emergency-medication-distribution.page
M090,-73.93615857,40.83929172,M090 - I.S. 90 Mirabel Sisters School,21 Jumel Place,Manhattan,10032,1,Inactive,null,null,,E,https://www1.nyc.gov/site/doh/health/emergency-preparedness/emergency-medication-distribution.page
Q070,-73.91422858,40.76209173,Q070 - P.S. 70,30-45 42nd Street,Queens,11103,1,Inactive,null,null,,E,https://www1.nyc.gov/site/doh/health/emergency-preparedness/emergency-medication-distribution.page
K126,-73.94862857,40.71980174,K126 - J.H.S 126 John Ericsson,424 Leonard Street,Brooklyn,11222,1,Inactive,null,null,,E,https://www1.nyc.gov/site/doh/health/emergency-preparedness/emergency-medication-distribution.page
Q125,-73.91894858,40.74111174,Q125 - I.S. 125 Thomas J. McCann Woodside,46-02 47th Avenue,Queens,11377,1,Inactive,null,null,,E,https://www1.nyc.gov/site/doh/health/emergency-preparedness/emergency-medication-distribution.page
Q017,-73.92242857,40.76897173,Q017 - P.S. 17 Henry David Thoreau,28-37 29th Street,Queens,11102,1,Mobilizing,null,null,,E,https://www1.nyc.gov/site/doh/health/emergency-preparedness/emergency-medication-distribution.page
K196,-73.93999857,40.70871174,K196 - P.S. 196,207 Bushwick Avenue,Brooklyn,11206,1,Inactive,null,null,,E,https://www1.nyc.gov/site/doh/health/emergency-preparedness/emergency-medication-distribution.page
Q610,-73.92907857,40.74349173,Q610 - Aviation High School,45-30 36th Street,Queens,11101,1,Inactive,null,null,,E,https://www1.nyc.gov/site/doh/health/emergency-preparedness/emergency-medication-distribution.page
M083,-73.94254857,40.79318173,M083 - P.S. 83,219 East 109th Street,Manhattan,10029,1,Inactive,null,null,,N,https://www1.nyc.gov/site/doh/health/emergency-preparedness/emergency-medication-distribution.page
M044,-73.97685856,40.78081173,M044 - J.H.S. M044 William J. O'Shea,100 West 77th Street,Manhattan,10024,1,Inactive,null,null,,E,https://www1.nyc.gov/site/doh/health/emergency-preparedness/emergency-medication-distribution.page
M470,-73.97460856,40.78579173,M470 - Louis D. Brandeis High School,145 West 84th Street,Manhattan,10024,1,Inactive,null,null,,E,https://www1.nyc.gov/site/doh/health/emergency-preparedness/emergency-medication-distribution.page
M118,-73.97083856,40.79171173,M118 - I.S. 118,154 West 93rd Street,Manhattan,10025,1,Inactive,null,null,,E,https://www1.nyc.gov/site/doh/health/emergency-preparedness/emergency-medication-distribution.page
M165,-73.96538856,40.80280172,M165 - P.S. 165,234 West 109th Street,Manhattan,10025,1,Closed to Public,null,null,,E,https://www1.nyc.gov/site/doh/health/emergency-preparedness/emergency-medication-distribution.page
M195,-73.95743856,40.81939172,M195 - Terrance Tolbert Educational Complex,625 West 133rd Street,Manhattan,10027,1,Inactive,null,null,,E,https://www1.nyc.gov/site/doh/health/emergency-preparedness/emergency-medication-distribution.page
M088,-73.95413856,40.80219172,M088 - Wadleigh Campus/I.S. 88,215 West 114 Street,Manhattan,10026,1,Inactive,null,null,,E,https://www1.nyc.gov/site/doh/health/emergency-preparedness/emergency-medication-distribution.page
M198,-73.94960857,40.78481173,M198 - P.S. 77 Lower Lab School,1700 3rd Avenue,Manhattan,10128,1,Inactive,null,null,,E,https://www1.nyc.gov/site/doh/health/emergency-preparedness/emergency-medication-distribution.page
M041,-73.99902855,40.73568174,M041 - P.S. 041 Greenwich Village,116 West 11th Street,Manhattan,10011,1,Inactive,null,null,,E,https://www1.nyc.gov/site/doh/health/emergency-preparedness/emergency-medication-distribution.page
M033,-73.99964855,40.74880174,M033 - P.S. 33 Chelsea Prep,281 9th Avenue,Manhattan,10001,1,Closed to Public,null,15,,E,https://www1.nyc.gov/site/doh/health/emergency-preparedness/emergency-medication-distribution.page
M111,-73.98881855,40.76586173,M111 - P.S. 111 Adolph S Ochs,440 West 53rd Street,Manhattan,10019,1,Inactive,null,null,,E,https://www1.nyc.gov/site/doh/health/emergency-preparedness/emergency-medication-distribution.page
M167,-73.95806856,40.77203173,M167 - I.S. 167 Robert Wagner,220 East 76th Street,Manhattan,10021,1,Open to Public,null,null,,E,https://www1.nyc.gov/site/doh/health/emergency-preparedness/emergency-medication-distribution.page
M199,-73.98444855,40.77804173,M199 - P.S. 199 Jessie Isador Straus,270 West 70th Street,Manhattan,10023,1,Mobilizing,null,null,,S,https://www1.nyc.gov/site/doh/health/emergency-preparedness/emergency-medication-distribution.page
M183,-73.95814856,40.76372173,M183 - P.S. 183 Robert L. Stevenson,419 East 66th Street,Manhattan,10021,1,Inactive,null,null,,N,https://www1.nyc.gov/site/doh/health/emergency-preparedness/emergency-medication-distribution.page
M535,-73.99268855,40.76505173,M535 - Park West High School,525 West 50th Street,Manhattan,10019,1,Inactive,null,null,,N,https://www1.nyc.gov/site/doh/health/emergency-preparedness/emergency-medication-distribution.page
M089,-74.01354855,40.71664174,M089 - P.S. 89,201 Warren Street,Manhattan,10282,1,Inactive,null,null,,E,https://www1.nyc.gov/site/doh/health/emergency-preparedness/emergency-medication-distribution.page
K016,-73.96147857,40.70601174,K016 - P.S. 16 Leonard Dunkly,157 Wilson Street,Brooklyn,11211,1,Open to Public,null,30,,E,https://www1.nyc.gov/site/doh/health/emergency-preparedness/emergency-medication-distribution.page
M134,-73.98371856,40.71455174,M134 - PS 134 Henrietta Szold,293 East Broadway,Manhattan,10002,1,Open to Public,null,0,,E,https://www1.nyc.gov/site/doh/health/emergency-preparedness/emergency-medication-distribution.page
M142,-73.98444856,40.71837174,M142 - P.S. 142 Amalia Castro,100 Attorney Street,Manhattan,10002,1,Open to Public,null,30,,E E W,https://www1.nyc.gov/site/doh/health/emergency-preparedness/emergency-medication-distribution.page
M064,-73.98137856,40.72436174,M064 - Tompkins Square Middle School,600 East 6th Street,Manhattan,10009,1,Mobilizing,null,null,,E,https://www1.nyc.gov/site/doh/health/emergency-preparedness/emergency-medication-distribution.page
M025,-73.98564856,40.72056174,M025 - Marta Valle Secondary School,145 Stanton Street,Manhattan,10002,1,Open to Public,null,10,,W N W E S,https://www1.nyc.gov/site/doh/health/emergency-preparedness/emergency-medication-distribution.page
M040,-73.98202856,40.73514174,M040 - P.S. 040 Augustus Saint-Gaudens,319 East 19th Street,Manhattan,10003,1,Mobilizing,null,null,,E,https://www1.nyc.gov/site/doh/health/emergency-preparedness/emergency-medication-distribution.page
K175,-73.91170858,40.66586175,K175 - Teacher's Prep High School,226 Bristol Street,Brooklyn,11212,1,Inactive,null,null,,E,https://www1.nyc.gov/site/doh/health/emergency-preparedness/emergency-medication-distribution.page
K055,-73.91326858,40.67409175,K055 - I.S. 55,2021 Bergen Street,Brooklyn,11233,1,Open to Public,null,30,,E,https://www1.nyc.gov/site/doh/health/emergency-preparedness/emergency-medication-distribution.page
K324,-73.93227858,40.68830175,K324 - I.S. 324,800 Gates Avenue,Brooklyn,11221,1,Inactive,null,null,,E,https://www1.nyc.gov/site/doh/health/emergency-preparedness/emergency-medication-distribution.page
K296,-73.91027858,40.68837175,K296 - I.S. 296 Halsey School,125 Covert Street,Brooklyn,11214,1,Inactive,null,null,,E,https://www1.nyc.gov/site/doh/health/emergency-preparedness/emergency-medication-distribution.page
Q849,-73.90213859,40.69950174,Q849 - I.S. 77,976 Seneca Avenue,Queens,11385,1,Inactive,null,null,,E,https://www1.nyc.gov/site/doh/health/emergency-preparedness/emergency-medication-distribution.page
K480,-73.91078858,40.69695174,K480 - Bushwick Educational Campus,400 Irving Avenue,Brooklyn,11237,1,Inactive,null,null,,E,https://www1.nyc.gov/site/doh/health/emergency-preparedness/emergency-medication-distribution.page
K495,-73.93769858,40.59411176,K495 - Sheepshead Bay High School,3000 Avenue X,Brooklyn,11235,1,Inactive,null,null,,E,https://www1.nyc.gov/site/doh/health/emergency-preparedness/emergency-medication-distribution.page
K515,-73.91672858,40.63327176,K515 - South Shore Educational Campus,6565 Flatlands Avenue,Brooklyn,11236,1,Inactive,null,null,,E,https://www1.nyc.gov/site/doh/health/emergency-preparedness/emergency-medication-distribution.page
K395,-73.93357858,40.63644176,K395 - P.S. 109,1001 East 45th Street,Brooklyn,11203,1,Inactive,null,null,,E,https://www1.nyc.gov/site/doh/health/emergency-preparedness/emergency-medication-distribution.page
K219,-73.92291858,40.65927175,K219 - P.S. 219 Kennedy-King,1060 Clarkson Avenue,Brooklyn,11212,1,Inactive,null,null,,E,https://www1.nyc.gov/site/doh/health/emergency-preparedness/emergency-medication-distribution.page
K233,-73.91401858,40.65101175,K233 - P.S. 233 Langston Hughes,9301 Avenue B,Brooklyn,11236,1,Inactive,null,null,,E,https://www1.nyc.gov/site/doh/health/emergency-preparedness/emergency-medication-distribution.page
K135,-73.93311858,40.65362175,K135 - P.S. 135 Sheldon A Brookner,684 Linden Boulevard,Brooklyn,11203,1,Inactive,null,null,,E,https://www1.nyc.gov/site/doh/health/emergency-preparedness/emergency-medication-distribution.page
K500,-73.89849859,40.64168175,K500 - Canarsie High School,1600 Rockaway Parkway,Brooklyn,11236,1,Inactive,null,null,,E,https://www1.nyc.gov/site/doh/health/emergency-preparedness/emergency-medication-distribution.page
K600,-73.96195857,40.66955175,K600 - Clara Barton High School,901 Classon Avenue,Brooklyn,11225,1,Inactive,null,null,,E,https://www1.nyc.gov/site/doh/health/emergency-preparedness/emergency-medication-distribution.page
K460,-73.97928856,40.66961175,K460 - John Jay High School,237 7th Avenue,Brooklyn,11215,1,Inactive,null,null,,E,https://www1.nyc.gov/site/doh/health/emergency-preparedness/emergency-medication-distribution.page
K138,-73.95143857,40.67436175,K138 - P.S. 138,760 Prospect Place,Brooklyn,11216,1,Inactive,null,null,,E,https://www1.nyc.gov/site/doh/health/emergency-preparedness/emergency-medication-distribution.page
K256,-73.95042857,40.69071175,K256 - P.S. 256 Benjamin Banneker,114 Kosciuszko Street,Brooklyn,11216,1,Inactive,null,null,,E,https://www1.nyc.gov/site/doh/health/emergency-preparedness/emergency-medication-distribution.page
K071,-73.95314857,40.70361174,K071 - I.S. 71 Juan Morel Campos,215 Heyward Street,Brooklyn,11206,1,Mobilizing,null,null,,E,https://www1.nyc.gov/site/doh/health/emergency-preparedness/emergency-medication-distribution.page
K580,-73.98601856,40.69491175,K580 - George Westinghouse Vocational HS,105 Johnson Street,Brooklyn,11201,1,Inactive,null,null,,E,https://www1.nyc.gov/site/doh/health/emergency-preparedness/emergency-medication-distribution.page
K258,-73.94544857,40.68155175,K258 - I.S. 258 David Ruggles,141 Macon Street,Brooklyn,11216,1,Inactive,null,null,,E,https://www1.nyc.gov/site/doh/health/emergency-preparedness/emergency-medication-distribution.page
K525,-73.95927857,40.62051176,K525 - Edward R. Murrow High School,1600 Avenue L,Brooklyn,11230,1,Inactive,null,null,,E,https://www1.nyc.gov/site/doh/health/emergency-preparedness/emergency-medication-distribution.page
K217,-73.96655857,40.63396176,K217 - P.S. 217 Colonel David Marcus,1100 Newkirk Avenue,Brooklyn,11230,1,Inactive,null,null,,E,https://www1.nyc.gov/site/doh/health/emergency-preparedness/emergency-medication-distribution.page
K179,-73.97763856,40.64045176,K179 - P.S. 179 Kensington,202 Avenue C,Brooklyn,11218,1,Closed to Public,null,null,,S,https://www1.nyc.gov/site/doh/health/emergency-preparedness/emergency-medication-distribution.page
K181,-73.94636857,40.64820175,K181 - P.S. 181,1023 New York Avenue,Brooklyn,11203,1,Inactive,null,null,,E,https://www1.nyc.gov/site/doh/health/emergency-preparedness/emergency-medication-distribution.page
K465,-73.95854857,40.64976175,K465 - Erasmus High School,911 Flatbush Avenue,Brooklyn,11226,1,Inactive,null,null,,E,https://www1.nyc.gov/site/doh/health/emergency-preparedness/emergency-medication-distribution.page
K470,-73.94245858,40.65888175,K470 - George Wingate Educational Campus,600 Kingston Avenue,Brooklyn,11203,1,Inactive,null,null,,E,https://www1.nyc.gov/site/doh/health/emergency-preparedness/emergency-medication-distribution.page
K088,-73.98763856,40.66001175,K088 - I.S. 88 Peter Rouget,544 7th Avenue,Brooklyn,11215,1,Inactive,null,null,,E,https://www1.nyc.gov/site/doh/health/emergency-preparedness/emergency-medication-distribution.page
K410,-73.96730857,40.58166177,K410 - Abraham Lincoln High School,2800 Ocean Parkway,Brooklyn,11235,1,Inactive,null,null,,N,https://www1.nyc.gov/site/doh/health/emergency-preparedness/emergency-medication-distribution.page
K043,-73.95403858,40.58311177,K043 - I.S. 98 Bay Academy,1401 Emmons Avenue,Brooklyn,11235,1,Open to Public,null,45,,E,https://www1.nyc.gov/site/doh/health/emergency-preparedness/emergency-medication-distribution.page
K400,-73.98576857,40.59427177,K400 - Lafayette High School,2630 Benson Avenue,Brooklyn,11219,1,Inactive,null,null,,E,https://www1.nyc.gov/site/doh/health/emergency-preparedness/emergency-medication-distribution.page
K097,-73.98613856,40.60142176,K097 - P.S. 97 Highlawn,1855 Stillwell Avenue,Brooklyn,11223,1,Inactive,null,null,,E,https://www1.nyc.gov/site/doh/health/emergency-preparedness/emergency-medication-distribution.page
K234,-73.95547857,40.60420176,K234 - J.H.S. 234 Arthur W. Cunningham,1875 East 17th Street,Brooklyn,11229,1,Inactive,null,null,,E,https://www1.nyc.gov/site/doh/health/emergency-preparedness/emergency-medication-distribution.page
K222,-73.93886858,40.61330176,K222 - P.S. 222 Katherine Snyder,3301 Quentin Road,Brooklyn,11234,1,Inactive,null,null,,E,https://www1.nyc.gov/site/doh/health/emergency-preparedness/emergency-medication-distribution.page
K205,-73.98714856,40.61525176,K205 - P.S. 205 Clarion,6701 20th Avenue,Brooklyn,11204,1,Inactive,null,null,,E,https://www1.nyc.gov/site/doh/health/emergency-preparedness/emergency-medication-distribution.page
R445,-74.14181851,40.63456176,R445 - Port Richmond H.S.,85 St Joseph's Avenue,Staten Island,10302,1,Inactive,null,null,,E,https://www1.nyc.gov/site/doh/health/emergency-preparedness/emergency-medication-distribution.page
K131,-73.99347856,40.64114176,K131 - P.S. 131,4305 Fort Hamilton Parkway,Brooklyn,11219,1,Inactive,null,null,,E,https://www1.nyc.gov/site/doh/health/emergency-preparedness/emergency-medication-distribution.page
K314,-74.01899855,40.64210176,K314 - P.S. 314,330 59th Street,Brooklyn,11220,1,Inactive,null,null,,N,https://www1.nyc.gov/site/doh/health/emergency-preparedness/emergency-medication-distribution.page
K001,-74.01228855,40.64902176,K001 - P.S. 1 Bergen,309 47th Street,Brooklyn,11220,1,Inactive,null,null,,E,https://www1.nyc.gov/site/doh/health/emergency-preparedness/emergency-medication-distribution.page
K094,-74.00824855,40.64364176,K094 - P.S. 94 Henry Longfellow,5010 6th Avenue,Brooklyn,11220,1,Inactive,null,null,,S,https://www1.nyc.gov/site/doh/health/emergency-preparedness/emergency-medication-distribution.page
K313,-73.98883856,40.69491175,K313 - Adams Street Campus,283 Adams Street,Brooklyn,11201,1,Inactive,null,null,,N,https://www1.nyc.gov/site/doh/health/emergency-preparedness/emergency-medication-distribution.page
K142,-74.00137855,40.68005175,K142 - P.S. 146,610 Henry Street,Brooklyn,11231,1,Inactive,null,null,,E,https://www1.nyc.gov/site/doh/health/emergency-preparedness/emergency-medication-distribution.page
K186,-73.99467856,40.61147176,K186 - P.S. 186 Dr. Irving A Gladstone,7601 19th Avenue,Brooklyn,11214,1,Inactive,null,null,,E,https://www1.nyc.gov/site/doh/health/emergency-preparedness/emergency-medication-distribution.page
K446,-74.00339856,40.61324176,K446 - New Utrecht High School,1601 80th Street,Brooklyn,11214,1,Inactive,null,null,,N,https://www1.nyc.gov/site/doh/health/emergency-preparedness/emergency-medication-distribution.page
R051,-74.14496851,40.62258177,R051 - I.S. 51 Edwin Markham,20 Houston Street,Staten Island,10302,1,Inactive,null,null,,E,https://www1.nyc.gov/site/doh/health/emergency-preparedness/emergency-medication-distribution.page
K486,-74.00448856,40.62777176,K486 - I.S. 187 Christa McAuliffe School,1171 65th Street,Brooklyn,11219,1,Open to Public,null,null,,E,https://www1.nyc.gov/site/doh/health/emergency-preparedness/emergency-medication-distribution.page
R061,-74.09782853,40.63399176,R061 - I.S. 61 William A. Morris,445 Castleton Avenue,Staten Island,10301,1,Open to Public,null,15,,E,https://www1.nyc.gov/site/doh/health/emergency-preparedness/emergency-medication-distribution.page
K490,-74.04004855,40.62780176,K490 - Fort Hamilton High School,8301 Shore Road,Brooklyn,11209,1,Inactive,null,null,,E,https://www1.nyc.gov/site/doh/health/emergency-preparedness/emergency-medication-distribution.page
R027,-74.11699852,40.62815176,R027 - I.S. 27 Anning S. Prall,11 Clove Lake Place,Staten Island,10310,1,Inactive,null,null,,E,https://www1.nyc.gov/site/doh/health/emergency-preparedness/emergency-medication-distribution.page
R024,-74.14631852,40.54526178,R024 - I.S. 24 Myra Barnes,225 Cleveland Avenue,Staten Island,10308,1,Inactive,null,null,,E,https://www1.nyc.gov/site/doh/health/emergency-preparedness/emergency-medication-distribution.page
R605,-74.11536853,40.56786178,R605 - Staten Island Technical High School,485 Clawson Street,Staten Island,10306,1,Inactive,null,null,,N,https://www1.nyc.gov/site/doh/health/emergency-preparedness/emergency-medication-distribution.page
R455,-74.1920285,40.52807179,R455 - Tottenville High School,100 Luten Avenue,Staten Island,10312,1,Inactive,null,null,,E,https://www1.nyc.gov/site/doh/health/emergency-preparedness/emergency-medication-distribution.page
K288,-73.99193856,40.57439177,K288 - P.S. 288 Shirley Tanyhill,2950 West 25th Street,Brooklyn,11224,1,Inactive,null,null,,E,https://www1.nyc.gov/site/doh/health/emergency-preparedness/emergency-medication-distribution.page
R002,-74.10072853,40.57671177,R002 - I.S. 2 George Egbert ,333 Midland Avenue,Staten Island,10306,1,Open to Public,null,20,,E,https://www1.nyc.gov/site/doh/health/emergency-preparedness/emergency-medication-distribution.page
R080,-74.10189853,40.60835177,R080 - P.S. 80 Michael J. Petrides School,715 Ocean Terrace,Staten Island,10301,1,Inactive,null,null,,E,https://www1.nyc.gov/site/doh/health/emergency-preparedness/emergency-medication-distribution.page
R058,-74.16249851,40.58207177,R058 - P.S. 58 Space Shuttle Columbia School,77 Marsh Avenue,Staten Island,10314,1,Inactive,null,null,,E,https://www1.nyc.gov/site/doh/health/emergency-preparedness/emergency-medication-distribution.page
